{
    "forget_Q_A_Prob": 0.36081399200484154,
    "forget_Q_A_ROUGE": 0.4886529900659009
}