{
    "forget_Q_A_Prob": 0.880400742739439,
    "forget_Q_A_ROUGE": 0.8225846972006282
}